INSERT INTO GENEROS (id, nombre) VALUES (1, 'Accion'),
                                        (2, 'Estrategia'),
                                        (3, 'MMORPG'),
                                        (4, 'Carreras'),
                                        (5, 'Deporte'),
                                        (6, 'Simulacion'),
                                        (7, 'Realidad Virtual'),
                                        (8, 'Sandbox'),
                                        (9, 'Terror'),
                                        (10, 'Psicologico'),
                                        (11, 'Aventura'),
                                        (12, 'Multijugador');


INSERT INTO JUEGOS (id, nombre, release_date, precio, id_genero, logros, developer, publisher, rating) VALUES (100,'Quake III', '1999-03-03T05:38:45.625Z' , 150, 10, 23, 'id Software', 'Activision', 'T'),
                                                                                                              (101,'Terraria', '2011-11-06T05:38:45.625Z', 6000,11,69,'Re-Logic', 'Re-Logic', 'E'),
                                                                                                              (102, 'The Witcher 3: Wild Hunt', '2015-05-19T00:00:00Z', 2500, 1, 78, 'CD Projekt Red', 'CD Projekt', 'M'),
                                                                                                              (103, 'Minecraft', '2011-11-18T00:00:00Z', 2000, 2, 100, 'Mojang', 'Microsoft Studios', 'E'),
                                                                                                              (104, 'Cyberpunk 2077', '2020-12-10T00:00:00Z', 3000, 1, 50, 'CD Projekt Red', 'CD Projekt', 'M'),
                                                                                                              (105, 'Fortnite', '2017-07-25T00:00:00Z', 0, 3, 120, 'Epic Games', 'Epic Games', 'T'),
                                                                                                              (106, 'Among Us', '2018-06-15T00:00:00Z', 500, 4, 30, 'InnerSloth', 'InnerSloth', 'E10+'),
                                                                                                              (107, 'Hades', '2020-09-17T00:00:00Z', 1500, 5, 45, 'Supergiant Games', 'Supergiant Games', 'T'),
                                                                                                              (108, 'Animal Crossing: New Horizons', '2020-03-20T00:00:00Z', 2500, 6, 80, 'Nintendo', 'Nintendo', 'E'),
                                                                                                              (109, 'The Legend of Zelda: Breath of the Wild', '2017-03-03T00:00:00Z', 3500, 7, 90, 'Nintendo', 'Nintendo', 'E10+'),
                                                                                                              (110, 'Red Dead Redemption 2', '2018-10-26T00:00:00Z', 4000, 1, 70, 'Rockstar Games', 'Rockstar Games', 'M'),
                                                                                                              (111, 'Apex Legends', '2019-02-04T00:00:00Z', 0, 3, 50, 'Respawn Entertainment', 'Electronic Arts', 'T'),
                                                                                                              (112, 'Valorant', '2020-06-02T00:00:00Z', 0, 3, 45, 'Riot Games', 'Riot Games', 'T'),
                                                                                                              (113, 'Ghost of Tsushima', '2020-07-17T00:00:00Z', 3500, 1, 60, 'Sucker Punch Productions', 'Sony Interactive Entertainment', 'M'),
                                                                                                              (114, 'Final Fantasy VII Remake', '2020-04-10T00:00:00Z', 3000, 1, 55, 'Square Enix', 'Square Enix', 'T'),
                                                                                                              (115, 'Doom Eternal', '2020-03-20T00:00:00Z', 3500, 10, 40, 'id Software', 'Bethesda Softworks', 'M'),
                                                                                                              (116, 'Stardew Valley', '2016-02-26T00:00:00Z', 1000, 6, 50, 'ConcernedApe', 'ConcernedApe', 'E10+'),
                                                                                                              (117, 'Overwatch', '2016-05-24T00:00:00Z', 2500, 3, 65, 'Blizzard Entertainment', 'Blizzard Entertainment', 'T'),
                                                                                                              (118, 'The Elder Scrolls V: Skyrim', '2011-11-11T00:00:00Z', 2000, 1, 85, 'Bethesda Game Studios', 'Bethesda Softworks', 'M'),
                                                                                                              (119, 'Persona 5', '2016-09-15T00:00:00Z', 3000, 1, 75, 'Atlus', 'Sega', 'M');

INSERT INTO USUARIOS (id, email, password, nombre, pais, last_login, created_at, nivel) VALUES (100, 'aguz@yahoo.com', 'bokita123', 'Agu', 'Argentina', '2014-08-03T05:38:45.625Z', '2014-08-03T05:38:45.625Z', 50),
                                                                                            (101, 'matiiiiii@gmail.com', 'cacaman',  'Mati', 'Argentina', '2012-04-03T05:38:45.625Z', '2012-04-03T05:38:45.625Z', 41),
                                                                                            (102, 'luis123@hotmail.com', 'password123', 'Luis', 'Chile', '2019-07-22T10:15:30.500Z', '2019-07-22T10:15:30.500Z', 33),
                                                                                            (103, 'sofia.smith@gmail.com', 's3cur3pass', 'Sofia', 'USA', '2021-05-18T14:45:10.250Z', '2021-05-18T14:45:10.250Z', 27),
                                                                                            (104, 'juan.perez@outlook.com', 'ju4np3r3z', 'Juan', 'Mexico', '2020-12-25T08:30:20.750Z', '2020-12-25T08:30:20.750Z', 45),
                                                                                            (105, 'maria.garcia@gmail.com', 'm4r1ag4rc1a', 'Maria', 'Spain', '2018-03-30T17:55:40.125Z', '2018-03-30T17:55:40.125Z', 38),
                                                                                            (106, 'pablo.lopez@yahoo.com', 'p4bl0l0p3z', 'Pablo', 'Colombia', '2016-11-12T22:10:50.875Z', '2016-11-12T22:10:50.875Z', 29),
                                                                                            (107, 'ana.martinez@gmail.com', '4n4m4rt1n3z', 'Ana', 'Peru', '2017-09-05T07:25:35.600Z', '2017-09-05T07:25:35.600Z', 36),
                                                                                            (108, 'jose.rodriguez@hotmail.com', 'j0s3r0dr1gu3z', 'Jose', 'Venezuela', '2015-02-19T03:40:45.675Z', '2015-02-19T03:40:45.675Z', 42),
                                                                                            (109, 'emilia.gomez@outlook.com', '3m1l14g0m3z', 'Emilia', 'Uruguay', '2022-06-28T12:05:25.300Z', '2022-06-28T12:05:25.300Z', 24);

INSERT INTO BIBLIOTECAS (id, id_juego, id_usuario, horas, logros, review) VALUES
(100, 101, 100, 575, 69, 'Este juego me hizo hincha de boca'),
(102, 101, 101, 40, 69, '¡Increíble! La temática es única.'),
(103, 102, 102, 300, 78, 'Una obra maestra. Historia envolvente y jugabilidad excelente.'),
(104, 103, 103, 200, 100, 'Me encanta la creatividad y libertad en este juego.'),
(105, 104, 104, 150, 50, 'Esperaba más, pero aun así es entretenido.'),
(106, 105, 105, 500, 120, 'Perfecto para jugar con amigos.'),
(107, 106, 106, 50, 30, 'Ideal para partidas rápidas y divertidas.'),
(108, 107, 107, 80, 45, 'Estéticamente hermoso y muy bien diseñado.'),
(109, 108, 108, 120, 80, 'Relajante y encantador, perfecto para desestresarse.'),
(110, 109, 109, 180, 90, 'Increíble aventura y exploración.'),
(111, 110, 100, 250, 70, 'Gran narrativa y mundo abierto impresionante.'),
(112, 111, 101, 100, 50, 'Rápido y competitivo, me encanta el ritmo.'),
(113, 112, 102, 70, 45, 'Excelente juego táctico, requiere mucha estrategia.'),
(114, 113, 103, 90, 60, 'Bellísima ambientación y combate fluido.'),
(115, 114, 104, 110, 55, 'Remake excelente de un clásico querido.'),
(116, 115, 105, 140, 40, 'Acción constante y gráficos impresionantes.'),
(117, 116, 106, 160, 50, 'Muy adictivo, especialmente con las actualizaciones.'),
(118, 117, 107, 130, 65, 'Excelente juego multijugador, siempre hay algo nuevo.'),
(119, 118, 108, 300, 85, 'Inmensa cantidad de contenido y libertad para explorar.'),
(120, 119, 109, 220, 75, 'Historia profunda y personajes memorables.'),
(121, 100, 100, 60, 20, 'Un shooter clásico, siempre es bueno volver a jugarlo.'),
(122, 101, 101, 45, 69, 'No es para todos, pero a mí me encantó.'),
(123, 102, 102, 400, 78, 'Uno de los mejores juegos de rol jamás hechos.'),
(124, 103, 103, 250, 100, 'Sigue siendo divertido después de tantos años.'),
(125, 104, 104, 170, 50, 'Tiene sus fallos, pero la historia es buena.'),
(126, 105, 105, 520, 120, 'Cada partida es una experiencia diferente.'),
(127, 106, 106, 80, 30, 'Divertido para jugar con amigos.'),
(128, 107, 107, 100, 45, 'Muy bien hecho, me encantan los gráficos.'),
(129, 108, 108, 130, 80, 'Perfecto para relajarse y disfrutar.'),
(130, 109, 109, 200, 90, 'Gran juego de exploración con muchas sorpresas.'),
(201, 100, 101, 120, 15, 'Clásico de los FPS, muy recomendable.'),
(202, 110, 102, 200, 50, 'Increíble historia y gráficos.'),
(203, 111, 103, 350, 45, 'Juego muy adictivo y divertido.'),
(204, 113, 101, 70, 25, 'Hermosos paisajes y combate entretenido.'),
(205, 114, 100, 150, 40, 'Gran remake, nostalgia pura.'),
(206, 115, 102, 100, 30, 'Acción sin parar, me encanta.'),
(207, 116, 103, 400, 50, 'Juego relajante y adictivo, muy bueno.'),
(208, 117, 101, 500, 60, 'Excelente shooter con gran comunidad.'),
(209, 118, 100, 250, 75, 'Un clásico RPG que no pasa de moda.'),
(210, 119, 102, 180, 70, 'Historia atrapante y personajes memorables.'),
(211, 112, 103, 300, 40, 'Buen juego competitivo, gran experiencia.'),
(212, 101, 101, 600, 69, 'Demasiado entretenido, no puedo dejar de jugar.'),
(213, 100, 100, 220, 20, 'Recuerdos de la infancia, sigue siendo genial.'),
(214, 110, 103, 280, 55, 'Obra maestra de los videojuegos.'),
(215, 115, 101, 90, 35, 'Intenso y emocionante, muy recomendable.'),
(300, 100, 102, 95, 18, 'Un clásico. Muy buen multiplayer.'),
(301, 101, 103, 50, 68, 'Un juego peculiar, pero muy entretenido.'),
(302, 102, 104, 320, 77, 'Una joya del RPG. Totalmente inmersivo.'),
(303, 103, 105, 210, 99, 'Creativo y adictivo. Perfecto para todas las edades.'),
(304, 104, 106, 160, 49, 'Me gusta la historia, pero tiene bugs.'),
(305, 105, 107, 550, 119, 'Diversión garantizada con amigos.'),
(306, 106, 108, 75, 29, 'Ideal para jugar con amigos en ratos libres.'),
(307, 107, 109, 90, 44, 'Excelente música y jugabilidad.'),
(308, 108, 101, 130, 79, 'Muy relajante y encantador.'),
(309, 109, 100, 210, 88, 'Una aventura épica.'),
(310, 110, 101, 260, 69, 'Maravillosa narrativa y gráficos.'),
(311, 111, 102, 120, 49, 'Competitivo y emocionante.'),
(312, 112, 103, 90, 44, 'Requiere mucha estrategia, muy bueno.'),
(313, 113, 104, 100, 59, 'Hermosa historia y combates espectaculares.'),
(314, 114, 105, 120, 54, 'Un remake a la altura del original.'),
(315, 115, 106, 150, 39, 'Acción pura, muy divertido.'),
(316, 116, 107, 170, 49, 'Un clásico de los juegos indie.'),
(317, 117, 108, 140, 64, 'Multijugador muy bien hecho.'),
(318, 118, 109, 320, 84, 'Uno de los mejores RPG de todos los tiempos.'),
(319, 119, 100, 230, 74, 'Historia increíble, personajes memorables.'),
(320, 110, 103, 280, 71, 'Mundo abierto impresionante.'),
(321, 111, 104, 130, 48, 'Siempre emocionante, buen juego de disparos.'),
(322, 112, 105, 95, 44, 'Muy adictivo, gran diseño de mapas.'),
(323, 113, 106, 110, 59, 'Una aventura increíble, muy bien hecha.'),
(324, 114, 107, 125, 54, 'Gran remake, fiel al original.'),
(325, 115, 108, 155, 39, 'Intenso y emocionante.'),
(326, 116, 109, 175, 49, 'Muy adictivo y relajante a la vez.'),
(327, 117, 100, 145, 64, 'Siempre divertido jugar con amigos.'),
(328, 118, 101, 340, 84, 'Increíble cantidad de contenido.'),
(329, 119, 102, 240, 74, 'Historia profunda y emocionante.');